graph_id,target,num_nodes,num_edges
0,0,14,16
1,0,10,10
2,0,14,14
3,0,20,23
4,1,11,11
5,1,15,15
6,0,14,16
7,0,21,24
8,0,14,16
9,0,14,14
10,0,14,16
11,0,14,16
12,1,11,11
13,0,14,15
14,0,11,11
15,0,21,24
16,0,10,10
17,1,14,16
18,0,14,15
19,0,14,14
20,1,15,15
21,1,20,23
22,1,14,14
23,0,18,18
24,0,14,15
25,0,10,10
26,0,18,18
27,0,14,15
28,1,18,18
29,0,20,23
30,0,14,14
31,0,14,15
32,0,14,16
33,0,20,23
34,0,14,16
35,1,14,14
36,0,11,11
37,1,11,11
38,0,15,15
39,1,10,10
40,0,14,14
41,0,10,10
42,1,21,24
43,0,14,14
44,0,14,15
45,0,21,24
46,1,21,24
47,0,21,24
48,0,11,11
49,0,11,11
50,0,15,15
51,0,10,10
52,0,20,23
53,0,10,10
54,0,11,11
55,0,21,24
56,0,10,10
57,0,14,15
58,0,14,14
59,0,20,23
60,1,14,14
61,0,20,23
62,0,14,16
63,0,21,24
64,0,20,23
65,1,20,23
66,1,10,10
67,0,20,23
68,0,14,15
69,1,14,14
70,0,20,23
71,0,15,15
72,1,14,14
73,0,14,14
74,0,20,23
75,0,14,16
76,0,10,10
77,0,14,15
78,1,10,10
79,0,14,16
80,0,20,23
81,0,11,11
82,0,14,14
83,0,11,11
84,1,14,15
85,0,14,16
86,0,20,23
87,0,14,15
88,0,10,10
89,0,15,15
90,0,10,10
91,0,20,23
92,0,18,18
93,0,14,14
94,0,21,24
95,0,14,16
96,0,11,11
97,1,21,24
98,1,14,14
99,0,14,15
100,0,15,15
101,1,14,16
102,0,11,11
103,0,20,23
104,0,20,23
105,0,14,14
106,1,10,10
107,1,15,15
108,0,10,10
109,1,18,18
110,0,10,10
111,0,15,15
112,0,21,24
113,1,14,14
114,1,11,11
115,0,14,16
116,0,10,10
117,0,20,23
118,1,18,18
119,0,21,24
120,1,21,24
121,0,14,16
122,0,21,24
123,1,20,23
124,1,15,15
125,1,14,16
126,0,18,18
127,0,14,16
128,0,18,18
129,1,14,15
130,0,14,14
131,0,14,15
132,0,14,14
133,1,20,23
134,0,14,15
135,0,18,18
136,0,11,11
137,0,10,10
138,0,18,18
139,1,14,14
140,0,10,10
141,0,14,16
142,0,14,14
143,1,21,24
144,0,14,16
145,0,14,16
146,0,11,11
147,0,14,16
148,0,14,16
149,1,21,24
150,1,11,11
151,1,21,24
152,0,14,15
153,1,18,18
154,0,18,18
155,0,14,16
156,0,14,15
157,0,14,14
158,0,14,15
159,0,15,15
160,1,20,23
161,0,14,15
162,0,11,11
163,0,10,10
164,0,14,14
165,0,14,16
166,0,14,14
167,0,14,15
168,0,20,23
169,0,20,23
170,1,14,16
171,0,20,23
172,1,11,11
173,0,15,15
174,0,14,14
175,0,11,11
176,0,21,24
177,0,14,15
178,0,21,24
179,0,15,15
180,1,10,10
181,0,20,23
182,0,14,15
183,0,11,11
184,0,14,14
185,0,20,23
186,1,20,23
187,0,11,11
188,0,15,15
189,0,11,11
190,1,15,15
191,0,21,24
192,0,21,24
193,0,14,16
194,0,18,18
195,0,21,24
196,0,11,11
197,0,15,15
198,1,11,11
199,0,14,16
200,1,11,11
201,1,14,15
202,0,15,15
203,0,11,11
204,0,18,18
205,1,21,24
206,0,11,11
207,0,15,15
208,0,14,16
209,1,15,15
210,1,14,14
211,1,14,16
212,0,14,16
213,0,15,15
214,0,21,24
215,0,14,15
216,0,18,18
217,0,18,18
218,0,21,24
219,0,10,10
220,0,14,15
221,0,10,10
222,0,14,16
223,0,15,15
224,1,14,16
225,0,14,16
226,1,11,11
227,0,15,15
228,0,21,24
229,0,11,11
230,0,11,11
231,0,18,18
232,1,14,15
233,0,15,15
234,0,10,10
235,0,21,24
236,0,14,14
237,0,15,15
238,0,14,14
239,0,10,10
240,0,14,14
241,0,14,15
242,0,15,15
243,1,10,10
244,0,15,15
245,0,21,24
246,1,14,16
247,0,10,10
248,0,11,11
249,1,14,15
250,0,21,24
251,0,14,15
252,0,18,18
253,0,11,11
254,0,18,18
255,0,11,11
256,0,15,15
257,1,10,10
258,0,14,14
259,0,20,23
260,0,11,11
261,0,20,23
262,1,14,14
263,1,21,24
264,1,20,23
265,0,15,15
266,0,18,18
267,1,15,15
268,1,14,16
269,0,18,18
270,0,20,23
271,0,15,15
272,0,18,18
273,0,14,16
274,1,20,23
275,0,14,16
276,0,20,23
277,0,14,16
278,0,18,18
279,0,14,15
280,0,14,15
281,0,21,24
282,0,14,16
283,0,15,15
284,0,18,18
285,0,14,16
286,1,11,11
287,0,20,23
288,1,11,11
289,0,14,16
290,0,14,16
291,0,14,15
292,0,20,23
293,0,10,10
294,0,14,15
295,0,20,23
296,0,14,16
297,1,15,15
298,0,11,11
299,0,20,23
300,0,18,18
301,0,14,14
302,0,21,24
303,0,15,15
304,1,14,16
305,0,20,23
306,0,18,18
307,0,15,15
308,0,18,18
309,1,14,15
310,0,14,15
311,0,21,24
312,0,11,11
313,1,15,15
314,0,21,24
315,0,20,23
316,0,14,16
317,1,20,23
318,0,20,23
319,1,14,15
320,0,10,10
321,0,14,15
322,0,15,15
323,0,14,14
324,0,21,24
325,0,14,16
326,0,14,16
327,0,10,10
328,1,20,23
329,0,14,15
330,0,21,24
331,0,14,15
332,1,14,14
333,0,20,23
334,1,21,24
335,0,11,11
336,1,11,11
337,0,10,10
338,0,14,15
339,0,14,15
340,0,11,11
341,0,20,23
342,0,10,10
343,1,18,18
344,1,14,16
345,0,20,23
346,0,18,18
347,0,21,24
348,1,14,14
349,0,21,24
350,0,14,16
351,0,14,14
352,1,10,10
353,0,10,10
354,0,15,15
355,0,15,15
356,1,14,15
357,0,14,15
358,0,20,23
359,0,10,10
360,0,14,14
361,0,21,24
362,0,14,15
363,0,10,10
364,1,14,14
365,0,11,11
366,0,11,11
367,0,14,16
368,0,14,15
369,0,14,15
370,0,10,10
371,0,15,15
372,0,14,15
373,1,10,10
374,0,11,11
375,1,20,23
376,0,14,14
377,1,18,18
378,0,14,16
379,0,21,24
380,0,21,24
381,1,14,14
382,0,20,23
383,0,14,14
384,0,11,11
385,1,14,16
386,1,15,15
387,0,15,15
388,0,15,15
389,0,11,11
390,0,15,15
391,0,14,15
392,0,15,15
393,1,18,18
394,0,10,10
395,1,10,10
396,0,20,23
397,0,14,15
398,0,10,10
399,0,14,15
400,1,21,24
401,0,20,23
402,0,14,15
403,0,18,18
404,0,14,14
405,0,18,18
406,0,15,15
407,0,14,16
408,0,10,10
409,0,10,10
410,0,10,10
411,0,11,11
412,0,18,18
413,0,20,23
414,0,14,15
415,0,21,24
416,1,14,15
417,0,20,23
418,0,11,11
419,0,14,15
420,0,14,16
421,0,14,15
422,0,10,10
423,0,14,16
424,0,14,14
425,0,11,11
426,1,21,24
427,0,21,24
428,0,11,11
429,1,14,14
430,0,15,15
431,1,18,18
432,0,14,15
433,1,20,23
434,0,14,14
435,0,21,24
436,0,11,11
437,0,14,16
438,0,11,11
439,1,18,18
440,0,11,11
441,0,14,14
442,0,15,15
443,1,11,11
444,1,18,18
445,0,21,24
446,0,18,18
447,0,14,14
448,1,20,23
449,0,14,16
450,1,14,14
451,0,11,11
452,0,11,11
453,1,11,11
454,0,18,18
455,0,14,14
456,0,18,18
457,0,21,24
458,0,20,23
459,0,21,24
460,0,20,23
461,0,14,14
462,1,15,15
463,1,14,15
464,1,14,14
465,0,11,11
466,1,11,11
467,0,14,16
468,0,10,10
469,0,18,18
470,1,14,15
471,0,11,11
472,0,20,23
473,0,10,10
474,0,18,18
475,1,14,14
476,0,14,16
477,1,14,16
478,1,10,10
479,1,14,14
480,0,10,10
481,0,14,16
482,0,20,23
483,0,21,24
484,0,14,15
485,1,10,10
486,0,11,11
487,0,11,11
488,0,14,14
489,1,14,15
490,0,14,14
491,1,14,15
492,1,14,16
493,0,21,24
494,1,20,23
495,0,14,15
496,0,14,16
497,0,11,11
498,1,14,16
499,0,14,16
500,0,18,18
501,0,15,15
502,0,10,10
503,0,15,15
504,0,14,16
505,1,21,24
506,0,11,11
507,0,14,14
508,0,14,14
509,0,18,18
510,0,10,10
511,0,10,10
512,0,10,10
513,0,14,16
514,0,11,11
515,1,14,14
516,1,21,24
517,0,14,14
518,0,18,18
519,1,11,11
520,1,11,11
521,0,15,15
522,1,15,15
523,0,14,15
524,0,14,14
525,0,21,24
526,0,14,14
527,1,15,15
528,1,20,23
529,0,21,24
530,0,21,24
531,0,11,11
532,1,10,10
533,1,15,15
534,0,11,11
535,0,14,14
536,0,21,24
537,0,14,16
538,0,20,23
539,0,14,15
540,0,18,18
541,0,14,16
542,0,15,15
543,0,10,10
544,0,14,14
545,0,14,15
546,0,10,10
547,0,20,23
548,1,18,18
549,0,18,18
550,0,14,14
551,0,14,14
552,0,11,11
553,0,14,15
554,0,14,16
555,1,10,10
556,0,11,11
557,0,15,15
558,0,14,14
559,0,15,15
560,0,14,16
561,1,10,10
562,0,20,23
563,0,11,11
564,1,14,14
565,0,11,11
566,0,20,23
567,0,18,18
568,0,11,11
569,0,14,14
570,0,21,24
571,0,14,15
572,0,14,14
573,1,18,18
574,0,15,15
575,1,10,10
576,0,14,15
577,1,15,15
578,0,14,16
579,0,11,11
580,0,14,16
581,0,10,10
582,1,14,14
583,0,10,10
584,0,14,16
585,0,15,15
586,1,14,15
587,0,21,24
588,0,14,14
589,1,20,23
590,0,15,15
591,1,14,14
592,0,21,24
593,0,14,14
594,0,14,15
595,0,11,11
596,0,11,11
597,0,18,18
598,0,15,15
599,0,10,10
600,0,10,10
601,0,10,10
602,1,21,24
603,0,21,24
604,0,14,15
605,1,18,18
606,1,14,16
607,0,11,11
608,1,11,11
609,0,20,23
610,0,18,18
611,0,14,16
612,0,18,18
613,0,14,16
614,1,15,15
615,0,18,18
616,0,15,15
617,0,11,11
618,1,14,15
619,1,14,16
620,0,11,11
621,1,15,15
622,0,11,11
623,1,11,11
624,1,11,11
625,0,14,16
626,0,14,14
627,0,11,11
628,0,10,10
629,0,14,16
630,0,14,14
631,0,20,23
632,0,14,16
633,0,18,18
634,0,14,16
635,1,18,18
636,0,21,24
637,0,15,15
638,0,15,15
639,0,10,10
640,1,14,14
641,0,20,23
642,0,21,24
643,1,20,23
644,0,14,16
645,0,14,15
646,1,11,11
647,0,14,14
648,0,21,24
649,0,14,14
650,0,15,15
651,1,15,15
652,0,15,15
653,1,14,15
654,0,10,10
655,0,21,24
656,0,20,23
657,0,20,23
658,0,15,15
659,0,14,15
660,0,14,16
661,0,14,15
662,0,10,10
663,0,14,15
664,0,20,23
665,0,15,15
666,1,14,14
667,0,14,16
668,0,20,23
669,0,15,15
670,1,14,15
671,0,14,15
672,0,14,14
673,1,11,11
674,1,11,11
675,0,21,24
676,1,18,18
677,0,21,24
678,0,10,10
679,0,11,11
680,0,15,15
681,0,20,23
682,0,15,15
683,1,18,18
684,0,10,10
685,0,18,18
686,0,14,16
687,0,14,14
688,1,10,10
689,0,18,18
690,0,14,16
691,1,11,11
692,0,18,18
693,0,11,11
694,1,11,11
695,1,14,14
696,0,18,18
697,0,10,10
698,0,18,18
699,0,21,24
700,1,14,14
701,1,14,15
702,0,18,18
703,0,11,11
704,0,14,15
705,0,21,24
706,0,14,14
707,1,14,15
708,0,20,23
709,0,15,15
710,0,18,18
711,0,15,15
712,0,18,18
713,0,14,14
714,0,10,10
715,0,11,11
716,0,20,23
717,1,20,23
718,0,21,24
719,0,14,16
720,0,15,15
721,0,20,23
722,1,14,15
723,0,14,16
724,0,11,11
725,0,20,23
726,0,14,15
727,0,15,15
728,0,14,15
729,0,15,15
730,1,14,16
731,1,21,24
732,0,21,24
733,0,15,15
734,1,20,23
735,0,10,10
736,0,14,16
737,0,10,10
738,0,10,10
739,1,15,15
740,0,21,24
741,0,14,14
742,1,18,18
743,1,20,23
744,0,10,10
745,0,14,16
746,1,20,23
747,0,15,15
748,1,10,10
749,0,14,16
750,0,11,11
751,0,14,16
752,0,11,11
753,1,20,23
754,0,14,14
755,1,14,16
756,0,10,10
757,0,11,11
758,0,20,23
759,0,11,11
760,0,10,10
761,0,20,23
762,1,14,15
763,0,14,14
764,0,21,24
765,0,14,14
766,0,20,23
767,0,18,18
768,0,14,16
769,0,14,14
770,0,21,24
771,0,14,16
772,0,14,16
773,0,11,11
774,0,14,16
775,0,18,18
776,0,15,15
777,1,21,24
778,0,14,16
779,1,10,10
780,1,14,15
781,1,21,24
782,0,11,11
783,0,14,16
784,1,14,16
785,1,11,11
786,0,20,23
787,1,20,23
788,1,18,18
789,1,14,16
790,1,20,23
791,0,11,11
792,0,14,14
793,0,14,15
794,0,18,18
795,0,20,23
796,1,15,15
797,1,15,15
798,0,15,15
799,0,21,24
800,0,14,14
801,0,10,10
802,0,14,14
803,1,11,11
804,0,14,15
805,0,14,14
806,0,20,23
807,0,18,18
808,0,10,10
809,1,10,10
810,0,10,10
811,0,15,15
812,0,14,14
813,0,18,18
814,0,14,15
815,1,21,24
816,0,21,24
817,0,20,23
818,1,21,24
819,0,14,14
820,0,20,23
821,0,14,14
822,1,18,18
823,1,20,23
824,0,20,23
825,1,20,23
826,1,20,23
827,0,14,16
828,0,21,24
829,1,15,15
830,1,14,15
831,1,21,24
832,0,18,18
833,0,14,15
834,0,20,23
835,0,21,24
836,0,14,14
837,1,18,18
838,1,14,16
839,0,20,23
840,0,21,24
841,0,15,15
842,0,11,11
843,0,11,11
844,0,11,11
845,0,11,11
846,0,10,10
847,0,14,14
848,0,21,24
849,0,15,15
850,1,14,15
851,0,11,11
852,0,21,24
853,1,18,18
854,0,14,16
855,0,18,18
856,0,14,16
857,0,15,15
858,0,20,23
859,0,20,23
860,0,10,10
861,0,21,24
862,0,18,18
863,1,10,10
864,0,20,23
865,0,10,10
866,0,20,23
867,1,14,15
868,0,20,23
869,1,14,14
870,0,10,10
871,1,20,23
872,0,14,14
873,1,14,14
874,1,20,23
875,1,14,14
876,0,14,15
877,1,15,15
878,1,11,11
879,1,21,24
880,1,10,10
881,1,15,15
882,0,14,15
883,1,11,11
884,0,14,14
885,0,15,15
886,0,14,16
887,0,14,15
888,0,18,18
889,1,18,18
890,0,20,23
891,0,21,24
892,0,10,10
893,0,14,15
894,0,14,15
895,0,14,15
896,0,18,18
897,1,18,18
898,0,14,15
899,0,14,16
900,0,21,24
901,0,20,23
902,1,18,18
903,0,11,11
904,0,15,15
905,0,20,23
906,1,15,15
907,0,21,24
908,0,10,10
909,0,18,18
910,0,18,18
911,0,10,10
912,0,20,23
913,1,14,16
914,0,15,15
915,0,14,14
916,0,10,10
917,0,11,11
918,1,11,11
919,1,15,15
920,0,18,18
921,0,10,10
922,1,15,15
923,0,20,23
924,0,10,10
925,1,14,15
926,1,21,24
927,0,18,18
928,0,14,14
929,0,21,24
930,1,14,16
931,0,14,16
932,0,21,24
933,1,14,16
934,0,20,23
935,0,20,23
936,0,14,16
937,0,14,14
938,0,21,24
939,0,11,11
940,0,21,24
941,0,14,15
942,0,14,16
943,0,20,23
944,0,10,10
945,0,20,23
946,0,14,15
947,1,10,10
948,0,14,16
949,0,11,11
950,0,14,15
951,0,20,23
952,0,20,23
953,1,21,24
954,0,18,18
955,0,18,18
956,0,14,16
957,0,14,16
958,1,18,18
959,0,14,14
960,0,14,14
961,0,11,11
962,0,20,23
963,0,14,15
964,0,21,24
965,0,20,23
966,0,14,14
967,0,10,10
968,0,18,18
969,0,20,23
970,1,18,18
971,0,18,18
972,0,14,14
973,0,14,14
974,1,14,15
975,1,14,14
976,1,20,23
977,0,10,10
978,1,18,18
979,1,21,24
980,1,20,23
981,0,18,18
982,0,18,18
983,0,15,15
984,0,14,16
985,0,14,14
986,0,15,15
987,0,21,24
988,0,14,15
989,0,21,24
990,1,10,10
991,0,18,18
992,0,18,18
993,0,10,10
994,0,15,15
995,0,18,18
996,0,18,18
997,0,18,18
998,0,10,10
999,0,11,11
1000,0,14,16
1001,1,11,11
1002,0,11,11
1003,0,14,14
1004,1,18,18
1005,1,21,24
1006,1,11,11
1007,0,20,23
1008,0,18,18
1009,0,14,14
1010,1,21,24
1011,0,18,18
1012,0,14,14
1013,0,11,11
1014,0,21,24
1015,0,10,10
1016,0,18,18
1017,1,14,15
1018,0,14,16
1019,0,18,18
1020,0,14,15
1021,0,20,23
1022,0,11,11
1023,0,10,10
1024,1,14,15
1025,1,14,14
1026,0,21,24
1027,0,15,15
1028,0,14,14
1029,0,14,14
1030,0,15,15
1031,0,20,23
1032,1,21,24
1033,0,21,24
1034,1,14,14
1035,0,14,14
1036,0,21,24
1037,0,14,15
1038,0,11,11
1039,0,14,16
1040,0,20,23
1041,0,10,10
1042,0,18,18
1043,0,14,14
1044,0,11,11
1045,0,20,23
1046,0,10,10
1047,1,18,18
1048,0,14,15
1049,0,20,23
1050,0,20,23
1051,0,14,14
1052,0,11,11
1053,0,14,16
1054,0,10,10
1055,0,11,11
1056,0,18,18
1057,0,15,15
1058,0,14,16
1059,0,14,16
1060,1,18,18
1061,0,18,18
1062,0,14,15
1063,0,21,24
1064,0,11,11
1065,0,10,10
1066,0,14,14
1067,0,14,16
1068,0,21,24
1069,1,21,24
1070,0,20,23
1071,0,15,15
1072,0,14,16
1073,0,14,15
1074,0,11,11
1075,0,15,15
1076,0,20,23
1077,1,20,23
1078,0,15,15
1079,0,11,11
1080,0,18,18
1081,0,10,10
1082,0,14,15
1083,0,18,18
1084,0,18,18
1085,0,14,14
1086,0,14,14
1087,0,21,24
1088,1,15,15
1089,0,10,10
1090,1,14,16
1091,0,14,16
1092,0,20,23
1093,1,14,15
1094,0,14,14
1095,0,14,15
1096,0,20,23
1097,0,14,14
1098,0,14,16
1099,0,10,10
1100,0,10,10
1101,0,14,15
1102,0,14,15
1103,0,21,24
1104,1,20,23
1105,0,14,14
1106,0,10,10
1107,0,15,15
1108,0,14,15
1109,0,10,10
1110,0,21,24
1111,0,15,15
1112,0,21,24
1113,1,14,14
1114,0,14,14
1115,0,20,23
1116,0,14,15
1117,0,20,23
1118,0,14,15
1119,1,14,14
1120,0,11,11
1121,0,18,18
1122,0,10,10
1123,1,11,11
1124,0,11,11
1125,0,20,23
1126,0,14,14
1127,0,21,24
1128,0,10,10
1129,0,15,15
1130,0,14,15
1131,0,14,15
1132,1,15,15
1133,0,15,15
1134,1,10,10
1135,1,15,15
1136,0,14,16
1137,0,20,23
1138,0,14,15
1139,1,14,14
1140,0,20,23
1141,0,11,11
1142,1,14,16
1143,1,11,11
1144,0,10,10
1145,0,14,14
1146,0,21,24
1147,1,11,11
1148,0,14,14
1149,1,21,24
1150,1,15,15
1151,0,20,23
1152,0,11,11
1153,0,11,11
1154,1,20,23
1155,0,14,15
1156,1,18,18
1157,0,14,15
1158,1,14,16
1159,0,14,16
1160,1,20,23
1161,0,14,15
1162,0,14,16
1163,0,10,10
1164,1,10,10
1165,1,21,24
1166,0,18,18
1167,0,10,10
1168,0,11,11
1169,0,20,23
1170,0,10,10
1171,1,14,16
1172,1,18,18
1173,1,15,15
1174,0,14,16
1175,1,14,15
1176,0,20,23
1177,1,11,11
1178,1,15,15
1179,0,11,11
1180,0,15,15
1181,0,11,11
1182,0,14,16
1183,0,10,10
1184,0,14,15
1185,0,14,15
1186,1,14,16
1187,0,14,16
1188,0,14,15
1189,0,10,10
1190,0,18,18
1191,0,18,18
1192,0,14,16
1193,1,15,15
1194,0,15,15
1195,0,20,23
1196,0,15,15
1197,0,11,11
1198,0,20,23
1199,0,21,24
1200,0,18,18
1201,0,14,14
1202,0,18,18
1203,0,14,15
1204,0,10,10
1205,1,15,15
1206,1,18,18
1207,0,18,18
1208,0,18,18
1209,1,14,14
1210,1,11,11
1211,0,21,24
1212,0,15,15
1213,1,14,15
1214,0,21,24
1215,1,14,15
1216,0,15,15
1217,0,18,18
1218,0,10,10
1219,0,14,15
1220,0,18,18
1221,0,10,10
1222,0,20,23
1223,0,20,23
1224,0,10,10
1225,0,10,10
1226,0,10,10
1227,0,14,16
1228,0,21,24
1229,0,20,23
1230,1,21,24
1231,0,11,11
1232,0,18,18
1233,0,14,16
1234,1,10,10
1235,0,14,16
1236,0,14,14
1237,0,10,10
1238,0,14,14
1239,0,15,15
1240,0,14,16
1241,0,10,10
1242,0,18,18
1243,1,14,16
1244,0,14,16
1245,0,10,10
1246,0,14,14
1247,0,14,15
1248,1,14,14
1249,0,10,10
1250,0,11,11
1251,0,18,18
1252,0,14,14
1253,0,14,16
1254,1,14,15
1255,0,18,18
1256,0,11,11
1257,0,21,24
1258,0,14,14
1259,0,14,15
1260,0,18,18
1261,0,14,15
1262,0,21,24
1263,0,15,15
1264,0,10,10
1265,0,21,24
1266,0,21,24
1267,1,18,18
1268,0,15,15
1269,1,11,11
1270,0,15,15
1271,0,15,15
1272,0,14,16
1273,1,14,14
1274,0,10,10
1275,0,21,24
1276,0,11,11
1277,1,14,16
1278,0,11,11
1279,1,10,10
1280,1,20,23
1281,0,14,15
1282,0,14,15
1283,0,20,23
1284,0,18,18
1285,1,20,23
1286,1,11,11
1287,1,14,15
1288,0,10,10
1289,1,11,11
1290,0,11,11
1291,0,10,10
1292,0,14,14
1293,0,10,10
1294,0,15,15
1295,0,15,15
1296,1,14,14
1297,0,15,15
1298,1,10,10
1299,1,20,23
1300,0,10,10
1301,0,14,15
1302,0,11,11
1303,0,18,18
1304,0,14,16
1305,0,14,14
1306,1,20,23
1307,0,15,15
1308,0,15,15
1309,0,20,23
1310,0,20,23
1311,0,21,24
1312,0,14,16
1313,0,18,18
1314,0,20,23
1315,0,14,16
1316,1,18,18
1317,0,14,16
1318,1,14,16
1319,0,14,14
1320,1,10,10
1321,1,18,18
1322,0,14,15
1323,0,20,23
1324,0,14,16
1325,0,21,24
1326,0,10,10
1327,0,20,23
1328,0,20,23
1329,1,10,10
1330,0,21,24
1331,0,11,11
1332,0,20,23
1333,0,15,15
1334,0,14,15
1335,0,15,15
1336,0,14,14
1337,0,21,24
1338,0,14,16
1339,0,18,18
1340,0,18,18
1341,0,14,14
1342,0,14,15
1343,0,14,16
1344,0,10,10
1345,0,18,18
1346,0,18,18
1347,1,18,18
1348,0,20,23
1349,0,14,16
1350,0,14,14
1351,1,11,11
1352,0,21,24
1353,0,11,11
1354,0,11,11
1355,0,20,23
1356,0,14,14
1357,0,21,24
1358,0,21,24
1359,0,10,10
1360,0,15,15
1361,0,20,23
1362,0,10,10
1363,0,15,15
1364,0,18,18
1365,0,14,16
1366,0,11,11
1367,0,14,16
1368,0,14,16
1369,0,14,15
1370,0,14,14
1371,0,18,18
1372,0,10,10
1373,0,21,24
1374,0,14,16
1375,0,11,11
1376,0,18,18
1377,0,11,11
1378,0,21,24
1379,0,21,24
1380,0,15,15
1381,0,14,14
1382,0,10,10
1383,0,14,14
1384,0,10,10
1385,0,20,23
1386,0,15,15
1387,0,10,10
1388,0,11,11
1389,0,14,16
1390,1,18,18
1391,0,15,15
1392,0,15,15
1393,1,14,15
1394,0,14,14
1395,0,15,15
1396,1,15,15
1397,1,10,10
1398,1,15,15
1399,0,15,15
1400,1,10,10
1401,0,20,23
1402,0,21,24
1403,0,10,10
1404,1,11,11
1405,0,20,23
1406,1,14,16
1407,0,11,11
1408,0,15,15
1409,1,14,16
1410,0,18,18
1411,1,15,15
1412,1,21,24
1413,0,18,18
1414,0,14,15
1415,0,14,15
1416,0,14,14
1417,0,14,14
1418,0,14,15
1419,1,18,18
1420,0,10,10
1421,0,11,11
1422,0,18,18
1423,0,14,14
1424,1,14,15
1425,1,20,23
1426,1,14,14
1427,1,14,14
1428,1,14,14
1429,0,14,16
1430,0,11,11
1431,0,14,16
1432,1,18,18
1433,0,20,23
1434,0,18,18
1435,0,14,14
1436,0,14,15
1437,0,18,18
1438,0,11,11
1439,0,21,24
1440,0,14,15
1441,0,18,18
1442,0,14,14
1443,0,14,14
1444,0,10,10
1445,1,20,23
1446,0,14,14
1447,0,18,18
1448,0,21,24
1449,1,18,18
1450,0,14,15
1451,0,15,15
1452,0,15,15
1453,1,20,23
1454,0,14,14
1455,0,14,15
1456,1,20,23
1457,0,20,23
1458,0,20,23
1459,0,21,24
1460,0,15,15
1461,0,15,15
1462,0,14,16
1463,0,20,23
1464,0,14,16
1465,0,20,23
1466,0,14,15
1467,0,14,14
1468,0,14,15
1469,0,15,15
1470,1,11,11
1471,1,11,11
1472,0,20,23
1473,0,14,16
1474,0,14,14
1475,0,14,15
1476,0,14,16
1477,0,11,11
1478,0,10,10
1479,1,14,16
1480,1,11,11
1481,0,10,10
1482,1,15,15
1483,0,21,24
1484,0,18,18
1485,0,11,11
1486,0,14,16
1487,0,10,10
1488,1,10,10
1489,1,11,11
1490,1,21,24
1491,1,18,18
1492,1,15,15
1493,1,14,14
1494,1,21,24
1495,1,21,24
1496,0,14,14
1497,0,11,11
1498,0,15,15
1499,0,10,10
1500,0,21,24
1501,1,14,16
1502,0,21,24
1503,0,18,18
1504,0,21,24
1505,1,20,23
1506,0,14,14
1507,1,14,15
1508,0,21,24
1509,1,14,16
1510,0,21,24
1511,0,20,23
1512,0,15,15
1513,0,18,18
1514,0,14,15
1515,0,14,16
1516,0,10,10
1517,1,14,14
1518,0,21,24
1519,0,18,18
1520,1,11,11
1521,1,20,23
1522,0,10,10
1523,0,21,24
1524,0,15,15
1525,0,10,10
1526,0,18,18
1527,0,14,15
1528,0,18,18
1529,1,21,24
1530,0,21,24
1531,1,18,18
1532,0,18,18
1533,0,10,10
1534,0,18,18
1535,0,14,16
1536,0,10,10
1537,0,20,23
1538,1,11,11
1539,0,15,15
1540,1,14,15
1541,0,21,24
1542,1,20,23
1543,0,14,15
1544,0,18,18
1545,1,15,15
1546,0,20,23
1547,0,15,15
1548,0,14,16
1549,0,14,16
1550,0,14,15
1551,0,10,10
1552,0,11,11
1553,1,14,16
1554,1,15,15
1555,1,14,15
1556,0,14,14
1557,0,10,10
1558,1,15,15
1559,1,20,23
1560,0,10,10
1561,1,14,16
1562,0,15,15
1563,1,15,15
1564,0,21,24
1565,0,18,18
1566,0,21,24
1567,0,14,15
1568,0,18,18
1569,0,10,10
1570,0,14,16
1571,0,14,15
1572,0,20,23
1573,0,14,15
1574,0,20,23
1575,0,14,16
1576,0,14,14
1577,0,15,15
1578,0,20,23
1579,0,14,14
1580,0,18,18
1581,0,10,10
1582,0,20,23
1583,0,21,24
1584,0,21,24
1585,0,14,15
1586,0,15,15
1587,0,20,23
1588,1,20,23
1589,0,21,24
1590,0,14,15
1591,0,14,15
1592,0,11,11
1593,0,14,15
1594,0,14,15
1595,0,11,11
1596,0,21,24
1597,0,18,18
1598,0,18,18
1599,1,20,23
1600,1,14,15
1601,0,14,15
1602,1,21,24
1603,0,14,16
1604,0,10,10
1605,0,14,16
1606,1,11,11
1607,0,20,23
1608,1,14,16
1609,1,20,23
1610,0,14,15
1611,0,14,14
1612,0,20,23
1613,0,11,11
1614,1,14,16
1615,0,21,24
1616,0,21,24
1617,0,10,10
1618,0,20,23
1619,1,14,16
1620,0,21,24
1621,0,14,16
1622,0,11,11
1623,0,15,15
1624,0,20,23
1625,0,11,11
1626,0,14,15
1627,0,20,23
1628,0,20,23
1629,1,14,16
1630,0,14,16
1631,0,10,10
1632,0,20,23
1633,1,15,15
1634,0,14,16
1635,0,14,14
1636,0,15,15
1637,0,20,23
1638,1,21,24
1639,1,14,14
1640,0,14,16
1641,0,11,11
1642,1,14,14
1643,1,11,11
1644,0,14,14
1645,0,14,15
1646,0,14,15
1647,0,14,14
1648,0,18,18
1649,0,18,18
1650,0,14,14
1651,0,14,15
1652,1,20,23
1653,0,14,16
1654,1,14,14
1655,1,14,16
1656,0,15,15
1657,0,21,24
1658,1,15,15
1659,1,21,24
1660,0,15,15
1661,0,14,14
1662,0,10,10
1663,0,11,11
1664,0,15,15
1665,0,15,15
1666,1,21,24
1667,1,21,24
1668,0,14,15
1669,0,14,16
1670,0,14,14
1671,0,14,14
1672,0,15,15
1673,0,11,11
1674,0,21,24
1675,0,10,10
1676,1,20,23
1677,1,21,24
1678,0,10,10
1679,1,15,15
1680,0,14,15
1681,0,14,15
1682,0,14,14
1683,1,11,11
1684,1,10,10
1685,0,15,15
1686,0,11,11
1687,0,14,15
1688,0,11,11
1689,1,11,11
1690,0,10,10
1691,0,14,15
1692,0,14,16
1693,0,15,15
1694,0,20,23
1695,0,18,18
1696,0,14,14
1697,0,14,15
1698,1,21,24
1699,0,20,23
1700,0,20,23
1701,0,10,10
1702,0,21,24
1703,1,10,10
1704,1,14,16
1705,0,20,23
1706,1,11,11
1707,0,14,16
1708,0,14,14
1709,1,10,10
1710,0,11,11
1711,1,14,14
1712,0,15,15
1713,0,18,18
1714,0,14,14
1715,1,14,15
1716,0,11,11
1717,1,15,15
1718,1,21,24
1719,0,14,15
1720,1,14,14
1721,0,11,11
1722,0,15,15
1723,1,15,15
1724,0,14,16
1725,1,10,10
1726,0,20,23
1727,0,14,15
1728,1,14,16
1729,0,20,23
1730,0,18,18
1731,0,20,23
1732,0,20,23
1733,0,11,11
1734,0,15,15
1735,0,15,15
1736,0,21,24
1737,0,20,23
1738,0,10,10
1739,1,14,16
1740,0,14,15
1741,0,14,14
1742,0,14,15
1743,0,20,23
1744,0,14,14
1745,0,20,23
1746,0,14,16
1747,0,21,24
1748,0,14,15
1749,0,15,15
1750,0,10,10
1751,0,21,24
1752,1,20,23
1753,0,21,24
1754,1,14,16
1755,0,18,18
1756,1,21,24
1757,1,10,10
1758,1,18,18
1759,0,10,10
1760,1,21,24
1761,0,14,14
1762,0,14,15
1763,0,18,18
1764,1,15,15
1765,0,20,23
1766,1,15,15
1767,0,14,15
1768,0,20,23
1769,0,15,15
1770,0,20,23
1771,0,14,16
1772,0,14,16
1773,1,14,16
1774,1,14,15
1775,0,20,23
1776,0,14,14
1777,0,10,10
1778,0,14,14
1779,0,21,24
1780,0,14,14
1781,1,14,16
1782,0,20,23
1783,1,20,23
1784,0,15,15
1785,0,14,15
1786,0,14,16
1787,0,14,16
1788,0,11,11
1789,0,18,18
1790,0,21,24
1791,1,18,18
1792,0,14,16
1793,1,18,18
1794,0,15,15
1795,0,18,18
1796,0,14,16
1797,0,14,14
1798,0,18,18
1799,0,14,15
1800,1,14,14
1801,0,15,15
1802,0,10,10
1803,0,21,24
1804,0,11,11
1805,1,10,10
1806,0,21,24
1807,1,14,14
1808,0,21,24
1809,0,15,15
1810,1,14,14
1811,0,18,18
1812,0,14,16
1813,0,18,18
1814,1,14,16
1815,0,14,16
1816,0,14,14
1817,1,14,16
1818,0,14,15
1819,0,15,15
1820,0,14,15
1821,0,14,14
1822,0,14,15
1823,1,14,14
1824,0,20,23
1825,1,20,23
1826,0,10,10
1827,0,10,10
1828,0,14,14
1829,0,14,16
1830,0,14,14
1831,0,10,10
1832,1,14,14
1833,0,20,23
1834,0,15,15
1835,1,18,18
1836,0,10,10
1837,0,14,16
1838,0,14,16
1839,0,21,24
1840,0,21,24
1841,0,14,15
1842,0,14,16
1843,0,11,11
1844,0,11,11
1845,0,11,11
1846,1,15,15
1847,0,10,10
1848,0,14,14
1849,0,18,18
1850,0,18,18
1851,0,15,15
1852,0,10,10
1853,0,18,18
1854,0,14,15
1855,0,14,14
1856,0,11,11
1857,0,20,23
1858,0,10,10
1859,0,14,14
1860,0,15,15
1861,0,15,15
1862,0,20,23
1863,1,14,14
1864,0,10,10
1865,1,15,15
1866,0,18,18
1867,0,14,15
1868,0,15,15
1869,0,18,18
1870,0,11,11
1871,0,14,14
1872,0,20,23
1873,1,14,14
1874,0,10,10
1875,0,20,23
1876,0,14,16
1877,0,11,11
1878,0,11,11
1879,0,10,10
1880,0,11,11
1881,0,10,10
1882,0,11,11
1883,1,20,23
1884,0,20,23
1885,0,11,11
1886,0,10,10
1887,0,15,15
1888,0,10,10
1889,0,14,16
1890,0,14,16
1891,0,21,24
1892,1,14,16
1893,0,11,11
1894,0,14,14
1895,0,14,14
1896,0,11,11
1897,0,14,14
1898,1,21,24
1899,0,15,15
1900,0,15,15
1901,0,15,15
1902,0,14,15
1903,1,15,15
1904,0,15,15
1905,0,14,14
1906,1,11,11
1907,1,14,15
1908,0,11,11
1909,1,18,18
1910,0,21,24
1911,0,18,18
1912,0,11,11
1913,0,18,18
1914,1,11,11
1915,0,14,15
1916,0,14,15
1917,0,10,10
1918,0,14,15
1919,1,10,10
1920,0,11,11
1921,1,14,15
1922,0,10,10
1923,0,14,16
1924,0,14,15
1925,0,11,11
1926,0,11,11
1927,0,15,15
1928,0,14,16
1929,1,18,18
1930,0,14,16
1931,0,20,23
1932,1,20,23
1933,0,15,15
1934,0,15,15
1935,0,20,23
1936,1,20,23
1937,0,14,14
1938,0,10,10
1939,1,15,15
1940,1,14,16
1941,0,10,10
1942,0,11,11
1943,0,21,24
1944,1,11,11
1945,0,11,11
1946,0,14,14
1947,0,20,23
1948,1,15,15
1949,0,20,23
1950,0,10,10
1951,0,14,16
1952,1,10,10
1953,0,21,24
1954,0,21,24
1955,1,15,15
1956,0,18,18
1957,0,14,16
1958,1,21,24
1959,0,20,23
1960,1,18,18
1961,0,15,15
1962,0,14,15
1963,0,21,24
1964,0,14,14
1965,0,14,16
1966,0,14,15
1967,1,14,15
1968,0,14,16
1969,0,15,15
1970,0,11,11
1971,1,14,16
1972,0,14,14
1973,0,14,14
1974,1,14,16
1975,0,20,23
1976,0,11,11
1977,0,20,23
1978,0,21,24
1979,0,11,11
1980,0,14,14
1981,0,10,10
1982,0,11,11
1983,0,20,23
1984,0,14,16
1985,0,20,23
1986,0,10,10
1987,0,20,23
1988,0,10,10
1989,0,14,16
1990,1,14,16
1991,0,18,18
1992,0,14,14
1993,0,10,10
1994,0,21,24
1995,1,18,18
1996,1,20,23
1997,0,20,23
1998,0,21,24
1999,0,21,24
2000,0,14,16
2001,0,14,14
2002,0,14,16
2003,0,11,11
2004,0,11,11
2005,0,20,23
2006,0,14,14
2007,0,11,11
2008,0,18,18
2009,1,14,16
2010,0,18,18
2011,0,14,14
2012,1,10,10
2013,1,14,15
2014,0,14,14
2015,1,10,10
2016,0,15,15
2017,0,20,23
2018,0,14,14
2019,0,10,10
2020,0,15,15
2021,1,14,16
2022,0,15,15
2023,1,14,14
2024,0,15,15
2025,0,21,24
2026,0,20,23
2027,1,14,15
2028,0,14,16
2029,0,11,11
2030,0,14,15
2031,0,15,15
2032,0,14,16
2033,0,18,18
2034,1,14,16
2035,0,14,14
2036,0,15,15
2037,1,10,10
2038,0,14,14
2039,0,14,16
2040,1,15,15
2041,1,10,10
2042,0,20,23
2043,0,21,24
2044,0,20,23
2045,0,21,24
2046,0,20,23
2047,1,11,11
2048,0,10,10
2049,1,14,14
2050,0,14,16
2051,0,10,10
2052,0,11,11
2053,0,14,16
2054,0,14,14
2055,0,10,10
2056,0,10,10
2057,0,14,14
2058,1,15,15
2059,0,14,14
2060,0,11,11
2061,0,10,10
2062,0,14,15
2063,0,20,23
2064,0,18,18
2065,0,10,10
2066,1,18,18
2067,1,14,14
2068,1,15,15
2069,0,11,11
2070,0,20,23
2071,0,14,15
2072,0,14,16
2073,0,11,11
2074,0,14,16
2075,0,21,24
2076,0,14,16
2077,0,14,14
2078,0,20,23
2079,1,10,10
2080,1,15,15
2081,0,15,15
2082,0,11,11
2083,0,14,16
2084,0,18,18
2085,0,20,23
2086,0,21,24
2087,0,15,15
2088,1,18,18
2089,1,20,23
2090,0,14,15
2091,1,14,14
2092,0,11,11
2093,0,10,10
2094,0,11,11
2095,0,20,23
2096,1,11,11
2097,0,11,11
2098,1,14,14
2099,1,10,10
2100,0,21,24
2101,0,14,14
2102,0,11,11
2103,0,14,15
2104,0,14,15
2105,0,11,11
2106,1,11,11
2107,1,14,16
2108,0,11,11
2109,1,14,16
2110,0,14,14
2111,0,14,14
2112,0,11,11
2113,0,18,18
2114,1,14,15
2115,0,14,14
2116,0,11,11
2117,0,11,11
2118,0,15,15
2119,0,14,15
2120,0,10,10
2121,0,20,23
2122,0,14,16
2123,0,14,15
2124,1,15,15
2125,0,15,15
2126,0,10,10
2127,1,10,10
2128,1,14,16
2129,0,11,11
2130,1,14,14
2131,0,14,14
2132,0,11,11
2133,0,11,11
2134,0,14,15
2135,0,11,11
2136,0,21,24
2137,0,11,11
2138,0,14,15
2139,1,15,15
2140,1,14,15
2141,0,21,24
2142,0,14,16
2143,0,14,16
2144,0,14,16
2145,0,18,18
2146,0,21,24
2147,0,14,16
2148,0,14,14
2149,0,10,10
2150,0,21,24
2151,1,14,14
2152,0,14,15
2153,0,14,14
2154,0,14,16
2155,0,14,16
2156,0,14,16
2157,0,14,15
2158,0,20,23
2159,0,14,16
2160,0,14,14
2161,0,18,18
2162,0,11,11
2163,0,15,15
2164,0,18,18
2165,0,10,10
2166,0,11,11
2167,0,10,10
2168,1,10,10
2169,0,14,14
2170,0,14,14
2171,0,11,11
2172,0,15,15
2173,0,21,24
2174,0,18,18
2175,0,20,23
2176,0,18,18
2177,0,10,10
2178,1,14,16
2179,0,15,15
2180,0,15,15
2181,0,14,16
2182,1,10,10
2183,0,14,14
2184,0,21,24
2185,1,15,15
2186,0,20,23
2187,1,15,15
2188,0,11,11
2189,1,10,10
2190,0,14,16
2191,0,20,23
2192,1,21,24
2193,0,15,15
2194,0,14,15
2195,0,14,14
2196,0,20,23
2197,0,11,11
2198,1,10,10
2199,1,10,10
2200,0,20,23
2201,0,14,14
2202,0,20,23
2203,0,14,16
2204,1,14,14
2205,0,11,11
2206,1,15,15
2207,0,20,23
2208,1,14,16
2209,0,20,23
2210,1,18,18
2211,0,20,23
2212,1,15,15
2213,0,14,16
2214,0,18,18
2215,0,14,14
2216,0,11,11
2217,0,21,24
2218,0,10,10
2219,0,15,15
2220,1,11,11
2221,0,14,15
2222,1,11,11
2223,0,11,11
2224,0,20,23
2225,0,20,23
2226,0,11,11
2227,1,18,18
2228,1,15,15
2229,0,18,18
2230,0,15,15
2231,0,18,18
2232,0,21,24
2233,0,14,16
2234,0,14,16
2235,0,14,16
2236,0,14,15
2237,0,18,18
2238,0,18,18
2239,0,14,14
2240,0,10,10
2241,1,14,15
2242,0,10,10
2243,0,20,23
2244,0,18,18
2245,0,11,11
2246,1,11,11
2247,0,21,24
2248,1,18,18
2249,0,14,15
2250,0,21,24
2251,0,14,16
2252,0,10,10
2253,0,14,16
2254,0,14,16
2255,0,20,23
2256,1,14,14
2257,0,14,16
2258,0,20,23
2259,0,11,11
2260,1,14,15
2261,0,11,11
2262,0,14,15
2263,1,20,23
2264,1,20,23
2265,0,14,14
2266,0,14,14
2267,0,18,18
2268,0,10,10
2269,0,14,16
2270,0,21,24
2271,1,21,24
2272,0,18,18
2273,0,18,18
2274,1,10,10
2275,0,18,18
2276,0,14,15
2277,0,14,14
2278,0,14,15
2279,0,14,15
2280,0,14,14
2281,0,14,14
2282,0,10,10
2283,1,14,14
2284,0,18,18
2285,0,14,14
2286,0,15,15
2287,1,10,10
2288,1,21,24
2289,0,15,15
2290,1,14,14
2291,0,21,24
2292,0,14,16
2293,1,10,10
2294,0,11,11
2295,1,20,23
2296,0,15,15
2297,0,18,18
2298,0,18,18
2299,1,15,15
2300,1,14,16
2301,0,14,16
2302,1,15,15
2303,0,15,15
2304,0,10,10
2305,0,11,11
2306,0,14,14
2307,0,14,16
2308,0,14,15
2309,1,15,15
2310,0,21,24
2311,0,10,10
2312,0,14,15
2313,0,10,10
2314,0,10,10
2315,0,15,15
2316,0,10,10
2317,0,20,23
2318,0,11,11
2319,0,11,11
2320,0,11,11
2321,0,14,16
2322,1,14,15
2323,0,15,15
2324,0,14,15
2325,0,10,10
2326,1,21,24
2327,0,21,24
2328,0,14,14
2329,0,14,16
2330,0,14,15
2331,0,15,15
2332,0,15,15
2333,0,14,15
2334,0,15,15
2335,0,21,24
2336,0,21,24
2337,0,11,11
2338,0,11,11
2339,1,21,24
2340,0,14,16
2341,1,14,16
2342,0,10,10
2343,0,14,15
2344,0,14,16
2345,1,14,16
2346,0,18,18
2347,0,14,16
2348,1,11,11
2349,1,18,18
2350,0,18,18
2351,0,10,10
2352,0,14,16
2353,0,21,24
2354,0,14,14
2355,0,11,11
2356,1,21,24
2357,1,11,11
2358,0,18,18
2359,1,11,11
2360,0,14,14
2361,0,10,10
2362,0,11,11
2363,0,15,15
2364,0,11,11
2365,0,20,23
2366,0,14,16
2367,1,14,14
2368,1,11,11
2369,0,21,24
2370,0,14,16
2371,1,20,23
2372,0,14,15
2373,0,14,16
2374,1,18,18
2375,0,11,11
2376,0,15,15
2377,0,18,18
2378,0,20,23
2379,1,14,16
2380,0,15,15
2381,1,14,16
2382,0,15,15
2383,1,14,15
2384,1,15,15
2385,0,14,14
2386,1,21,24
2387,1,14,16
2388,0,20,23
2389,0,11,11
2390,0,21,24
2391,0,14,15
2392,0,14,14
2393,0,21,24
2394,0,15,15
2395,0,14,15
2396,1,14,15
2397,1,20,23
2398,0,14,14
2399,0,14,15
2400,0,14,16
2401,0,14,16
2402,0,11,11
2403,0,14,15
2404,0,20,23
2405,0,10,10
2406,0,21,24
2407,0,14,14
2408,1,10,10
2409,0,14,14
2410,0,10,10
2411,0,15,15
2412,0,14,15
2413,1,10,10
2414,0,14,14
2415,0,18,18
2416,0,21,24
2417,0,11,11
2418,1,18,18
2419,1,14,14
2420,0,11,11
2421,0,10,10
2422,1,10,10
2423,0,15,15
2424,0,21,24
2425,0,14,16
2426,1,11,11
2427,1,14,15
2428,0,10,10
2429,1,10,10
2430,0,21,24
2431,0,15,15
2432,0,11,11
2433,0,11,11
2434,0,21,24
2435,0,10,10
2436,0,11,11
2437,0,21,24
2438,0,18,18
2439,1,20,23
2440,0,14,14
2441,1,14,14
2442,0,14,14
2443,1,21,24
2444,1,11,11
2445,1,11,11
2446,1,20,23
2447,0,18,18
2448,1,15,15
2449,0,11,11
2450,0,14,14
2451,0,18,18
2452,1,14,14
2453,1,11,11
2454,0,15,15
2455,1,20,23
2456,0,14,16
2457,0,18,18
2458,1,14,16
2459,1,20,23
2460,0,10,10
2461,1,15,15
2462,1,15,15
2463,0,10,10
2464,0,14,14
2465,0,20,23
2466,0,20,23
2467,0,18,18
2468,0,20,23
2469,1,20,23
2470,0,20,23
2471,0,14,15
2472,0,15,15
2473,0,21,24
2474,1,14,16
2475,0,20,23
2476,0,14,16
2477,0,20,23
2478,0,15,15
2479,0,21,24
2480,1,14,16
2481,0,10,10
2482,0,14,15
2483,0,14,16
2484,0,21,24
2485,1,20,23
2486,0,11,11
2487,0,20,23
2488,0,11,11
2489,0,10,10
2490,0,11,11
2491,0,14,16
2492,0,15,15
2493,1,10,10
2494,0,14,16
2495,0,10,10
2496,1,10,10
2497,0,10,10
2498,0,21,24
2499,0,21,24
2500,0,14,16
2501,1,14,16
2502,1,20,23
2503,0,18,18
2504,1,14,15
2505,0,18,18
2506,1,18,18
2507,0,11,11
2508,1,10,10
2509,0,14,16
2510,0,20,23
2511,0,20,23
2512,0,14,14
2513,0,10,10
2514,0,11,11
2515,0,11,11
2516,0,14,14
2517,0,11,11
2518,0,14,15
2519,0,15,15
2520,0,10,10
2521,0,21,24
2522,0,15,15
2523,1,15,15
2524,0,14,16
2525,0,20,23
2526,0,14,15
2527,0,20,23
2528,0,18,18
2529,0,14,15
2530,0,18,18
2531,0,14,15
2532,0,18,18
2533,0,20,23
2534,0,14,16
2535,1,10,10
2536,0,11,11
2537,0,20,23
2538,0,15,15
2539,0,11,11
2540,1,20,23
2541,0,14,15
2542,1,20,23
2543,0,11,11
2544,1,10,10
2545,0,10,10
2546,0,10,10
2547,1,14,15
2548,0,18,18
2549,0,18,18
2550,0,14,15
2551,0,21,24
2552,1,14,15
2553,0,20,23
2554,0,15,15
2555,0,10,10
2556,0,11,11
2557,0,20,23
2558,0,20,23
2559,0,15,15
2560,0,18,18
2561,0,10,10
2562,0,10,10
2563,0,10,10
2564,0,15,15
2565,0,14,15
2566,1,18,18
2567,0,18,18
2568,0,14,15
2569,0,20,23
2570,1,14,14
2571,0,15,15
2572,1,18,18
2573,1,15,15
2574,0,14,15
2575,0,18,18
2576,0,15,15
2577,0,14,15
2578,0,11,11
2579,1,21,24
2580,0,14,16
2581,0,10,10
2582,0,14,16
2583,0,11,11
2584,0,20,23
2585,0,18,18
2586,1,14,14
2587,0,18,18
2588,1,18,18
2589,0,15,15
2590,0,14,15
2591,1,21,24
2592,0,20,23
2593,1,15,15
2594,1,14,14
2595,0,14,16
2596,0,10,10
2597,0,10,10
2598,1,15,15
2599,1,15,15
2600,1,10,10
2601,0,18,18
2602,1,14,16
2603,0,14,16
2604,0,21,24
2605,0,21,24
2606,0,14,16
2607,0,11,11
2608,1,21,24
2609,0,14,14
2610,0,20,23
2611,1,14,16
2612,0,10,10
2613,0,21,24
2614,0,15,15
2615,0,18,18
2616,0,20,23
2617,1,11,11
2618,1,14,15
2619,0,20,23
2620,0,20,23
2621,0,14,15
2622,0,14,14
2623,0,14,15
2624,0,14,16
2625,1,14,15
2626,0,21,24
2627,0,14,15
2628,0,14,14
2629,1,21,24
2630,0,14,15
2631,0,11,11
2632,0,18,18
2633,0,21,24
2634,0,18,18
2635,0,14,15
2636,0,14,15
2637,0,14,16
2638,0,14,14
2639,0,21,24
2640,0,14,16
2641,0,14,14
2642,0,18,18
2643,0,10,10
2644,1,14,14
2645,0,11,11
2646,0,10,10
2647,0,18,18
2648,1,14,15
2649,0,21,24
2650,0,20,23
2651,0,14,14
2652,0,14,14
2653,1,14,14
2654,0,14,14
2655,1,14,15
2656,0,14,14
2657,0,11,11
2658,1,14,14
2659,0,14,15
2660,0,14,15
2661,0,14,14
2662,0,18,18
2663,0,11,11
2664,0,14,15
2665,1,18,18
2666,0,14,15
2667,1,15,15
2668,0,20,23
2669,0,10,10
2670,0,10,10
2671,1,20,23
2672,0,10,10
2673,0,21,24
2674,0,18,18
2675,0,14,16
2676,0,14,16
2677,0,14,16
2678,0,14,16
2679,1,14,14
2680,0,10,10
2681,0,18,18
2682,0,21,24
2683,0,14,15
2684,1,15,15
2685,0,20,23
2686,0,21,24
2687,0,10,10
2688,1,14,15
2689,0,14,14
2690,0,18,18
2691,1,21,24
2692,0,10,10
2693,1,14,14
2694,0,20,23
2695,0,14,16
2696,1,21,24
2697,0,20,23
2698,1,21,24
2699,0,14,15
2700,0,20,23
2701,1,21,24
2702,0,18,18
2703,0,11,11
2704,0,15,15
2705,0,14,14
2706,0,18,18
2707,1,11,11
2708,0,11,11
2709,1,10,10
2710,0,21,24
2711,0,21,24
2712,0,10,10
2713,0,11,11
2714,0,18,18
2715,1,14,15
2716,1,14,15
2717,0,11,11
2718,0,11,11
2719,0,18,18
2720,0,14,16
2721,0,10,10
2722,0,15,15
2723,0,10,10
2724,0,14,16
2725,0,11,11
2726,0,20,23
2727,0,18,18
2728,0,15,15
2729,1,14,16
2730,0,11,11
2731,0,10,10
2732,1,20,23
2733,1,14,16
2734,0,14,16
2735,0,10,10
2736,0,14,16
2737,1,14,16
2738,0,15,15
2739,0,14,16
2740,0,18,18
2741,0,14,16
2742,1,21,24
2743,0,20,23
2744,0,11,11
2745,0,10,10
2746,1,15,15
2747,0,14,15
2748,1,21,24
2749,0,18,18
2750,1,18,18
2751,0,21,24
2752,0,14,14
2753,0,14,15
2754,0,11,11
2755,0,14,15
2756,0,14,14
2757,0,14,16
2758,0,21,24
2759,0,21,24
2760,0,14,15
2761,0,21,24
2762,1,14,15
2763,1,14,14
2764,0,10,10
2765,1,14,16
2766,0,20,23
2767,0,14,14
2768,0,15,15
2769,1,14,16
2770,0,21,24
2771,0,14,16
2772,0,21,24
2773,0,14,14
2774,0,20,23
2775,0,15,15
2776,1,11,11
2777,0,15,15
2778,0,14,15
2779,0,11,11
2780,0,18,18
2781,1,10,10
2782,0,10,10
2783,1,15,15
2784,0,20,23
2785,1,14,14
2786,0,21,24
2787,0,14,15
2788,0,14,14
2789,1,11,11
2790,0,14,14
2791,0,18,18
2792,1,14,15
2793,1,11,11
2794,1,14,16
2795,0,14,14
2796,0,20,23
2797,0,21,24
2798,1,14,14
2799,0,15,15
2800,0,11,11
2801,0,14,15
2802,1,20,23
2803,1,15,15
2804,0,14,16
2805,0,11,11
2806,1,14,16
2807,0,15,15
2808,0,15,15
2809,0,14,16
2810,0,21,24
2811,1,14,14
2812,0,11,11
2813,1,10,10
2814,0,15,15
2815,0,20,23
2816,0,21,24
2817,1,18,18
2818,0,18,18
2819,1,21,24
2820,0,14,16
2821,1,21,24
2822,0,10,10
2823,0,14,15
2824,0,15,15
2825,0,18,18
2826,0,14,14
2827,0,14,16
2828,0,18,18
2829,0,15,15
2830,1,14,14
2831,0,11,11
2832,1,18,18
2833,0,10,10
2834,0,14,15
2835,0,11,11
2836,0,11,11
2837,0,20,23
2838,0,10,10
2839,0,20,23
2840,0,10,10
2841,0,15,15
2842,0,11,11
2843,0,14,15
2844,0,14,14
2845,0,15,15
2846,0,14,14
2847,0,14,15
2848,0,14,15
2849,1,11,11
2850,0,10,10
2851,0,18,18
2852,0,14,15
2853,0,10,10
2854,0,10,10
2855,0,20,23
2856,1,20,23
2857,0,11,11
2858,1,18,18
2859,0,14,15
2860,0,14,15
2861,0,14,16
2862,0,21,24
2863,1,14,15
2864,0,14,14
2865,0,14,16
2866,0,21,24
2867,0,14,14
2868,0,14,16
2869,1,10,10
2870,0,14,16
2871,1,14,16
2872,0,21,24
2873,1,15,15
2874,0,14,14
2875,0,14,16
2876,0,14,14
2877,0,21,24
2878,0,18,18
2879,0,15,15
2880,0,21,24
2881,0,20,23
2882,1,15,15
2883,0,11,11
2884,1,11,11
2885,0,10,10
2886,0,15,15
2887,0,14,16
2888,0,15,15
2889,0,11,11
2890,0,14,14
2891,0,11,11
2892,0,20,23
2893,1,15,15
2894,0,18,18
2895,0,14,15
2896,1,15,15
2897,0,14,14
2898,0,15,15
2899,0,21,24
2900,0,11,11
2901,1,15,15
2902,0,10,10
2903,0,14,15
2904,0,11,11
2905,0,14,16
2906,0,15,15
2907,1,14,14
2908,0,21,24
2909,0,14,14
2910,0,14,16
2911,0,11,11
2912,0,18,18
2913,0,10,10
2914,0,11,11
2915,0,21,24
2916,0,15,15
2917,0,14,15
2918,0,14,16
2919,0,14,16
2920,0,15,15
2921,1,10,10
2922,0,18,18
2923,0,21,24
2924,0,11,11
2925,0,10,10
2926,0,18,18
2927,0,20,23
2928,0,14,15
2929,0,11,11
2930,0,18,18
2931,0,14,15
2932,0,14,14
2933,0,11,11
2934,0,15,15
2935,0,10,10
2936,1,14,16
2937,1,14,16
2938,0,20,23
2939,0,20,23
2940,0,20,23
2941,0,14,15
2942,0,11,11
2943,0,14,15
2944,0,14,15
2945,0,14,14
2946,1,10,10
2947,0,20,23
2948,0,18,18
2949,1,11,11
2950,0,15,15
2951,0,14,14
2952,0,15,15
2953,0,15,15
2954,0,15,15
2955,0,15,15
2956,1,20,23
2957,1,14,15
2958,0,14,15
2959,1,14,16
2960,0,10,10
2961,0,15,15
2962,0,15,15
2963,0,11,11
2964,0,11,11
2965,0,15,15
2966,0,18,18
2967,0,10,10
2968,0,20,23
2969,0,15,15
2970,0,20,23
2971,0,11,11
2972,0,15,15
2973,0,20,23
2974,0,18,18
2975,1,20,23
2976,0,11,11
2977,1,18,18
2978,0,14,14
2979,1,14,14
2980,0,14,15
2981,1,11,11
2982,0,10,10
2983,0,20,23
2984,1,10,10
2985,1,14,14
2986,0,11,11
2987,0,11,11
2988,0,15,15
2989,0,20,23
2990,0,14,16
2991,1,20,23
2992,0,10,10
2993,0,14,14
2994,0,11,11
2995,0,18,18
2996,0,18,18
2997,0,11,11
2998,0,14,16
2999,0,14,15
